{"cameraMode":{"drawMode":0,"name":"Shaded","section":"Shading Mode"},"sceneLighting":true,"audioPlay":false,"sceneViewState":{"m_AlwaysRefresh":false,"showFog":true,"showSkybox":true,"showFlares":true,"showImageEffects":true,"showParticleSystems":true,"showVisualEffectGraphs":true,"m_FxEnabled":true},"in2DMode":false,"pivot":{"x":-1.7783682346343995,"y":0.599695086479187,"z":19.381988525390626},"rotation":{"x":-0.014634235762059689,"y":0.9677279591560364,"z":-0.24484586715698243,"w":-0.05784022808074951},"size":1.0729771852493287,"orthographic":false}