{"cameraMode":{"drawMode":0,"name":"Shaded","section":"Shading Mode"},"sceneLighting":true,"audioPlay":false,"sceneViewState":{"m_AlwaysRefresh":false,"showFog":true,"showSkybox":false,"showFlares":true,"showImageEffects":true,"showParticleSystems":true,"showVisualEffectGraphs":true,"m_FxEnabled":true},"in2DMode":false,"pivot":{"x":0.5315388441085815,"y":0.9498722553253174,"z":-0.9051308035850525},"rotation":{"x":-0.23395995795726777,"y":0.09519615769386292,"z":-0.023024793714284898,"w":-0.9673038125038147},"size":1.2207958698272706,"orthographic":false}