{"cameraMode":{"drawMode":0,"name":"Shaded","section":"Shading Mode"},"sceneLighting":false,"audioPlay":false,"sceneViewState":{"m_AlwaysRefresh":false,"showFog":true,"showSkybox":false,"showFlares":true,"showImageEffects":true,"showParticleSystems":true,"showVisualEffectGraphs":true,"m_FxEnabled":true},"in2DMode":false,"pivot":{"x":-0.09372648596763611,"y":3.6856460571289064,"z":-0.25902798771858218},"rotation":{"x":0.004174722824245691,"y":-0.0833049863576889,"z":-0.00034993732697330415,"w":-0.9965199828147888},"size":8.417272567749024,"orthographic":false}