{"cameraMode":{"drawMode":0,"name":"Shaded","section":"Shading Mode"},"sceneLighting":false,"audioPlay":false,"sceneViewState":{"m_AlwaysRefresh":false,"showFog":true,"showSkybox":false,"showFlares":true,"showImageEffects":true,"showParticleSystems":true,"showVisualEffectGraphs":true,"m_FxEnabled":true},"in2DMode":false,"pivot":{"x":221.09414672851563,"y":0.3154740631580353,"z":138.4097900390625},"rotation":{"x":-0.23395995795726777,"y":0.09519615769386292,"z":-0.023024793714284898,"w":-0.9673038125038147},"size":1.0987454652786255,"orthographic":false}